NEFT_Ref,igst_amount,cgst_amount,sgst_amount,MRP,customer_paid_amt,Commission,IGST_TCS,CGST_TCS,SGST_TCS,Payment_Type,TDS,Shipping_Fee,pick_and_pack_fee,fixed_fee,Payment_Gateway_Fee,Logistics_Commission,Settled_Amount,NOD_Comment,Store_Order_id,Payment_Date,order_line_id,seller_order_id,return_id,Order_Type,order_release_id,Packet_Id,Seller_Id,taxable_amount,Tax_Rate,seller_discount,platform_discount,total_discount,comments,fwdAdditionalCharges,rvsAdditionalCharges,techEnablement,airLogistics,royaltyCharges,royaltyPercent,marketingCharges,marketingPercent,marketingContribution,commission_discount,sale_Total_Customer_Paid
NFT-/XUTR/DEUTH02616720943X,19.1,0.0,0.0,1599.0,17.0,0.802,0.081,0.0,0.0,postpaid,0.016,0.0,0.0,0.763,0.133,1.05728,15.044,"",'133182460347389334403,2026-06-16,11179035980,0331e73a-8dd0-49bf-8b10-e3bd60b49d68,"",Forward,100124306668,1000035369009,11504,381.9,5.0,1104.0,17.0,1121.0,packet_delivered,0.0,0.0,0.0,0.0,0.0,0.0,0.0,0.0,NA,0,495.0
NFT-/XUTR/DEUTH02616720943X,87.05,0.0,0.0,3999.0,99.0,19.8,0.471,0.0,0.0,postpaid,0.094,0.0,0.0,3.304,0.0,3.89872,74.736,"",'133185448948937490901,2026-06-16,11180671754,0f82e501-6aa9-4b65-9495-6cea5b41cc59,"",Forward,100125942442,1000035386815,11504,1740.95,5.0,2000.0,99.0,2099.0,packet_delivered,0.0,0.0,0.0,0.0,0.0,0.0,0.0,0.0,NA,0,1999.0
NFT-/XUTR/DEUTH02616720943X,48.33,0.0,0.0,2499.0,1015.0,251.517,4.833,0.0,0.0,postpaid,0.967,0.0,0.0,49.0,7.613,66.80334,690.88,"",'133212081942685744503,2026-06-16,11194744796,b36fceb4-d0e8-4664-8133-a3de7d5ca10d,"",Forward,100140015482,100140015482,11504,966.67,5.0,1313.0,0.0,1313.0,packet_delivered,0.0,0.0,0.0,0.0,0.0,0.0,0.0,0.0,NA,0,1186.0
NFT-/XUTR/DEUTH02616720943X,75.95,0.0,0.0,3999.0,1595.0,395.241,7.595,0.0,0.0,postpaid,1.519,182.0,0.0,0.0,0.0,214.76,-1405.405,"",'133174887064432040503,2026-06-16,11175802884,abb8151d-8ff9-4861-aea2-175a68c1b74c,100172015667,Reverse,100121073572,100121073572,11504,1519.05,5.0,2233.0,0.0,2233.0,return_refund,0.0,0.0,0.0,0.0,0.0,0.0,0.0,0.0,NA,0,1766.0
NFT-/XUTR/DEUTH02616720943X,42.81,0.0,0.0,2999.0,26.0,5.2,0.124,0.0,0.0,postpaid,0.025,0.0,0.0,0.781,0.0,0.92158,19.729,"",'133186464549609870701,2026-06-16,11181208756,249e5fba-ee39-49da-8841-6ea983750f6f,"",Forward,100126479444,100126479444,11504,856.19,5.0,2006.0,26.0,2032.0,packet_delivered,0.0,0.0,0.0,0.0,0.0,0.0,0.0,0.0,NA,0,993.0
NFT-/XUTR/DEUTH02616720943X,45.24,0.0,0.0,2699.0,950.0,246.62,4.524,0.0,0.0,postpaid,0.905,182.0,0.0,0.0,0.0,214.76,-912.711,"",'133172296217998293901,2026-06-16,11175357654,28ee6b4a-2a72-4adc-9383-48778c393678,100167254761,Reverse,100120628343,100120628343,11504,904.76,5.0,1578.0,0.0,1578.0,return_refund,0.0,0.0,0.0,0.0,0.0,0.0,0.0,0.0,NA,0,1121.0
NFT-/XUTR/DEUTH02616720943X,43.38,0.0,0.0,2799.0,383.37,99.523,1.826,0.0,0.0,postpaid,0.365,0.0,0.0,13.046,1.572,17.24924,264.407,"",'133208512934269498601,2026-06-16,11192508162,a2f13766-7945-4a51-8561-df3024ca5700,"",Forward,100137778848,100137778848,11504,867.62,5.0,1717.0,0.0,1717.0,packet_delivered,0.0,0.0,0.0,0.0,0.0,0.0,0.0,0.0,NA,0,1082.0
NFT-/XUTR/DEUTH02616720943X,18.95,0.0,0.0,1699.0,398.0,18.786,1.895,0.0,0.0,postpaid,0.379,0.0,0.0,3.0,0.0,3.54,373.4,"",'133178547364210786803,2026-06-16,11176680992,e8d3b9fe-a707-4095-926a-48ffdd9de96f,"",Forward,100121951680,1000034255862,11504,379.05,5.0,1207.0,0.0,1207.0,packet_delivered,0.0,0.0,0.0,0.0,0.0,0.0,0.0,0.0,NA,0,492.0
NFT-/XUTR/DEUTH02616720943X,46.1,0.0,0.0,2999.0,50.0,12.98,0.238,0.0,0.0,postpaid,0.048,0.0,0.0,1.601,0.26,2.19598,34.538,"",'133180414962851727601,2026-06-16,11178335389,ed7b0530-24c6-4fde-9593-aeaae5eee504,"",Forward,100123606077,100123606077,11504,921.9,5.0,1860.0,50.0,1910.0,packet_delivered,0.0,0.0,0.0,0.0,0.0,0.0,0.0,0.0,NA,0,1139.0
NFT-/XUTR/DEUTH02616720943X,38.33,0.0,0.0,1799.0,805.0,208.978,3.833,0.0,0.0,postpaid,0.767,0.0,0.0,31.0,0.0,36.58,554.842,"",'133209294419174972303,2026-06-16,11193021612,400d5f72-742b-4860-bcde-438186b7ea6f,"",Forward,100138292298,100138292298,11504,766.67,5.0,900.0,0.0,900.0,packet_delivered,0.0,0.0,0.0,0.0,0.0,0.0,0.0,0.0,NA,0,899.0
NFT-/XUTR/DEUTH02616720943X,50.43,0.0,0.0,1850.0,65.0,15.34,0.31,0.0,0.0,postpaid,0.062,0.0,0.0,3.008,0.0,3.54944,45.739,"",'133185172441178646703,2026-06-16,11180541255,956bbf97-f59a-4b4c-b53a-979a28db0b37,"",Forward,100125811943,100125811943,11504,1008.57,5.0,620.0,65.0,685.0,packet_delivered,0.0,0.0,0.0,0.0,0.0,0.0,0.0,0.0,NA,0,1230.0
NFT-/XUTR/DEUTH02616720943X,40.71,0.0,0.0,1999.0,50.0,12.98,0.238,0.0,0.0,postpaid,0.048,0.0,0.0,1.813,0.07,2.22194,34.512,"",'133182842342654924603,2026-06-16,11179285670,b752ad59-8643-43e7-a6ba-e6d00129d8bc,"",Forward,100124556358,1000035396186,11504,814.29,5.0,1050.0,50.0,1100.0,packet_delivered,0.0,0.0,0.0,0.0,0.0,0.0,0.0,0.0,NA,0,949.0
NFT-/XUTR/DEUTH02616720943X,63.24,0.0,0.0,2999.0,1328.0,329.078,6.324,0.0,0.0,postpaid,1.265,0.0,0.0,49.0,0.0,57.82,933.513,"",'133202662282939902701,2026-06-16,11190244126,cba9a643-2584-4c13-b167-70716ae32922,"",Forward,100135514812,100135514812,11504,1264.76,5.0,1500.0,0.0,1500.0,packet_delivered,0.0,0.0,0.0,0.0,0.0,0.0,0.0,0.0,NA,0,1499.0
NFT-/XUTR/DEUTH02616720943X,35.05,0.0,0.0,1750.0,30.0,7.788,0.143,0.0,0.0,postpaid,0.029,0.0,0.0,1.264,0.0,1.49152,20.548,"",'133182460347389334403,2026-06-16,11179035987,0331e73a-8dd0-49bf-8b10-e3bd60b49d68,"",Forward,100124306675,1000035369009,11504,700.95,5.0,920.0,30.0,950.0,packet_delivered,0.0,0.0,0.0,0.0,0.0,0.0,0.0,0.0,NA,0,830.0
NFT-/XUTR/DEUTH02616720943X,50.43,0.0,0.0,1850.0,62.99999999999999,14.868,0.3,0.0,0.0,postpaid,0.06,10.827,0.0,0.0,0.0,12.77586,-60.548,"",'133181447640249153303,2026-06-16,11178527214,8ca974aa-e021-4422-8245-f61111cf211b,11178527214,Reverse,100123797903,100123797903,11504,1008.57,5.0,620.0,63.0,683.0,exchange,0.0,0.0,0.0,0.0,0.0,0.0,0.0,0.0,NA,0,1230.0
NFT-/XUTR/DEUTH02616720943X,38.43,0.0,0.0,1899.0,807.0,209.497,3.843,0.0,0.0,postpaid,0.769,0.0,0.0,31.0,0.0,36.58,556.311,"",'133183183603797219003,2026-06-16,11179510187,13460e81-694e-41d3-a984-5c3aad7c27ce,"",Forward,100124780875,1000034599396,11504,768.57,5.0,998.0,0.0,998.0,packet_delivered,0.0,0.0,0.0,0.0,0.0,0.0,0.0,0.0,NA,0,901.0
NFT-/XUTR/DEUTH02616720943X,18.95,0.0,0.0,1699.0,398.0,18.786,1.895,0.0,0.0,postpaid,0.379,0.0,0.0,3.0,0.0,3.54,373.4,"",'133183183603797219003,2026-06-16,11179510185,13460e81-694e-41d3-a984-5c3aad7c27ce,"",Forward,100124780873,1000034599396,11504,379.05,5.0,1207.0,0.0,1207.0,packet_delivered,0.0,0.0,0.0,0.0,0.0,0.0,0.0,0.0,NA,0,492.0
NFT-/XUTR/DEUTH02616720943X,39.62,0.0,0.0,1950.0,49.0,9.8,0.233,0.0,0.0,postpaid,0.047,0.0,0.0,2.65,0.0,3.127,35.793,"",'133184952036415370001,2026-06-16,11180437851,b707c3f7-2693-4f66-8e17-90b041824dfd,"",Forward,100125708539,100125708539,11504,792.38,5.0,1024.0,49.0,1073.0,packet_delivered,0.0,0.0,0.0,0.0,0.0,0.0,0.0,0.0,NA,0,926.0
NFT-/XUTR/DEUTH02616720943X,57.38,0.0,0.0,2899.0,1199.01,297.115,5.71,0.0,0.0,postpaid,1.142,126.369,0.0,0.0,0.0,149.11542,-1044.158,"",'133195177977576554101,2026-06-16,11186724612,d8ab7f87-c94b-4268-929d-a2a57ff31b58,11186724612,Reverse,100131995299,100131995299,11504,1147.62,5.0,1523.0,0.0,1523.0,exchange,0.0,0.0,0.0,0.0,0.0,0.0,0.0,0.0,NA,0,1376.0
NFT-/XUTR/DEUTH02616720943X,38.33,0.0,0.0,1799.0,805.0,208.978,3.833,0.0,0.0,postpaid,0.767,106.0,0.0,0.0,0.0,125.08,-716.502,"",'133209294419174972303,2026-06-16,11193021612,400d5f72-742b-4860-bcde-438186b7ea6f,11193021612,Reverse,100138292298,100138292298,11504,766.67,5.0,900.0,0.0,900.0,exchange,0.0,0.0,0.0,0.0,0.0,0.0,0.0,0.0,NA,0,899.0
NFT-/XUTR/DEUTH02616720943X,45.62,0.0,0.0,1699.0,16.0,4.153,0.076,0.0,0.0,postpaid,0.015,0.0,0.0,0.518,0.0,0.61124,11.145,"",'133179310066728863303,2026-06-16,11177692629,75f6a0c9-294a-48d9-a978-ee4d7f0beffc,"",Forward,100122963317,1000034318655,11504,912.38,5.0,570.0,16.0,586.0,packet_delivered,0.0,0.0,0.0,0.0,0.0,0.0,0.0,0.0,NA,0,1129.0
NFT-/XUTR/DEUTH02616720943X,75.24,0.0,0.0,3499.0,29.000000000000004,5.8,0.138,0.0,0.0,postpaid,0.028,3.34,0.0,0.0,0.0,3.9412,-26.975,"",'133186047713472747803,2026-06-16,11180972442,503ccf73-6a8c-4b51-ac4e-f63977462c14,100170117515,Reverse,100126243130,1000035401082,11504,1504.76,5.0,1748.0,29.0,1777.0,return_refund,0.0,0.0,0.0,0.0,0.0,0.0,0.0,0.0,NA,0,1751.0
NFT-/XUTR/DEUTH02616720943X,35.95,0.0,0.0,1699.0,755.0,195.998,3.595,0.0,0.0,postpaid,0.719,127.0,0.0,0.0,0.0,149.86,-704.548,"",'133195763149239230503,2026-06-16,11187239137,951b5aa5-e6af-4af9-b822-26780e2ceafd,11187239137,Reverse,100132509824,100132509824,11504,719.05,5.0,850.0,0.0,850.0,exchange,0.0,0.0,0.0,0.0,0.0,0.0,0.0,0.0,NA,0,849.0
NFT-/XUTR/DEUTH02616720943X,38.43,0.0,0.0,1899.0,807.0,209.497,3.843,0.0,0.0,postpaid,0.769,182.0,0.0,0.0,0.0,214.76,-807.651,"",'133178547364210786803,2026-06-16,11176681001,e8d3b9fe-a707-4095-926a-48ffdd9de96f,100167587199,Reverse,100121951689,1000034255862,11504,768.57,5.0,998.0,0.0,998.0,return_refund,0.0,0.0,0.0,0.0,0.0,0.0,0.0,0.0,NA,0,901.0
NFT-/XUTR/DEUTH02616720943X,39.62,0.0,0.0,1599.0,832.0,215.987,3.962,0.0,0.0,postpaid,0.792,0.0,0.0,31.0,0.0,36.58,574.679,"",'133178873349839175103,2026-06-16,11177260827,d8c6585a-1a06-482c-868e-fe812b07e3af,"",Forward,100122531515,1000034585748,11504,792.38,5.0,673.0,0.0,673.0,packet_delivered,0.0,0.0,0.0,0.0,0.0,0.0,0.0,0.0,NA,0,926.0
NFT-/XUTR/DEUTH02616720943X,82.24,0.0,0.0,1999.0,1727.0,407.572,8.224,0.0,0.0,postpaid,1.645,0.0,0.0,49.0,0.0,57.82,1251.739,"",'133198853996973182301,2026-06-16,11188056258,92191a92-a7d1-4593-9f51-8dcef5217f28,"",Forward,100133326945,1000037457589,11504,1644.76,5.0,101.0,0.0,101.0,packet_delivered,0.0,0.0,0.0,0.0,0.0,0.0,0.0,0.0,NA,0,1898.0
NFT-/XUTR/DEUTH02616720943X,45.14,0.0,0.0,2799.0,948.0,246.101,4.514,0.0,0.0,postpaid,0.903,0.0,0.0,31.0,0.0,36.58,659.902,"",'133184194320795896103,2026-06-16,11180059165,401875bd-f79e-497d-ab3b-ed7356b3f231,"",Forward,100125329853,1000035409820,11504,902.86,5.0,1680.0,0.0,1680.0,packet_delivered,0.0,0.0,0.0,0.0,0.0,0.0,0.0,0.0,NA,0,1119.0
NFT-/XUTR/DEUTH02616720943X,19.05,0.0,0.0,1799.0,400.0,18.88,1.905,0.0,0.0,postpaid,0.381,127.0,0.0,0.0,0.0,149.86,-528.694,"",'133178146421883916603,2026-06-16,11176515756,02a2fd8d-d797-4078-93f5-4d9688096890,100167465194,Reverse,100121786444,100121786444,11504,380.95,5.0,1305.0,0.0,1305.0,return_refund,0.0,0.0,0.0,0.0,0.0,0.0,0.0,0.0,NA,0,494.0
NFT-/XUTR/DEUTH02616720943X,31.71,0.0,0.0,1599.0,19.0,4.932,0.09,0.0,0.0,postpaid,0.018,5.192,0.0,0.0,0.0,6.12656,-20.087,"",'133181626965677789103,2026-06-16,11178594923,79f19f5c-09df-431c-9b1d-586a3a622fe6,100167321643,Reverse,100123865611,1000035457283,11504,634.29,5.0,839.0,19.0,858.0,return_refund,0.0,0.0,0.0,0.0,0.0,0.0,0.0,0.0,NA,0,760.0
NFT-/XUTR/DEUTH02616720943X,59.67,0.0,0.0,2999.0,1253.0,310.493,5.967,0.0,0.0,postpaid,1.193,0.0,0.0,49.0,0.0,57.82,877.527,"",'133184787819334728003,2026-06-16,11180358633,107c3cc7-90b2-4070-a889-67f0360e1227,"",Forward,100125629321,100125629321,11504,1193.33,5.0,1575.0,0.0,1575.0,packet_delivered,0.0,0.0,0.0,0.0,0.0,0.0,0.0,0.0,NA,0,1424.0
NFT-/XUTR/DEUTH02616720943X,51.19,0.0,0.0,1750.0,17.0,4.012,0.081,0.0,0.0,postpaid,0.016,0.0,0.0,0.775,0.02,0.9381,11.953,"",'133179310066728863303,2026-06-16,11177692631,75f6a0c9-294a-48d9-a978-ee4d7f0beffc,"",Forward,100122963319,1000034318655,11504,1023.81,5.0,504.0,17.0,521.0,packet_delivered,0.0,0.0,0.0,0.0,0.0,0.0,0.0,0.0,NA,0,1246.0
NFT-/XUTR/DEUTH02616720943X,19.1,0.0,0.0,1599.0,401.0,18.927,1.91,0.0,0.0,postpaid,0.382,0.0,0.0,18.0,0.0,21.24,358.541,"",'133191374281309393301,2026-06-16,11184072255,1e61c731-3319-43c7-8dca-c5488d0b7492,"",Forward,100129342943,100129342943,11504,381.9,5.0,1104.0,102.0,1206.0,packet_delivered,0.0,0.0,0.0,0.0,0.0,0.0,0.0,0.0,NA,0,495.0
NFT-/XUTR/DEUTH02616720943X,33.62,0.0,0.0,1599.0,10.0,2.596,0.048,0.0,0.0,postpaid,0.01,0.0,0.0,0.439,0.0,0.51802,6.828,"",'133178605811170547801,2026-06-16,11176790582,86bf76fc-ac3e-4521-944a-2d08b1fdbc08,"",Forward,100122061270,1000034570559,11504,672.38,5.0,799.0,10.0,809.0,packet_delivered,0.0,0.0,0.0,0.0,0.0,0.0,0.0,0.0,NA,0,800.0
NFT-/XUTR/DEUTH02616720943X,37.14,0.0,0.0,1750.0,770.54,200.032,3.669,0.0,0.0,postpaid,0.734,179.793,0.0,0.0,0.0,212.15574,-778.261,"",'133174282606547529201,2026-06-16,11175665339,0ef4655b-24ab-4563-b513-11160cbd9302,100168812489,Reverse,100120936027,100120936027,11504,742.86,5.0,876.0,0.0,876.0,return_refund,0.0,0.0,0.0,0.0,0.0,0.0,0.0,0.0,NA,0,874.0
NFT-/XUTR/DEUTH02616720943X,36.19,0.0,0.0,1799.0,44.999,11.682,0.214,0.0,0.0,postpaid,0.043,10.776,0.0,0.0,0.0,12.71568,-45.776,"",'133183574374318042001,2026-06-16,11179727861,757f9def-f5ec-4ee7-8967-d707d2fb3330,100167466344,Reverse,100124998549,1000034648675,11504,723.81,5.0,945.0,45.0,990.0,return_refund,0.0,0.0,0.0,0.0,0.0,0.0,0.0,0.0,NA,0,854.0
NFT-/XUTR/DEUTH02616720943X,46.76,0.0,0.0,2425.0,711.8,149.478,3.39,0.0,0.0,postpaid,0.678,0.0,0.0,32.618,0.0,38.48924,519.765,"",'133186855909633053903,2026-06-16,11181482742,401f5b03-e512-4338-81fb-39cab5b52f2a,"",Forward,100126753430,100126753430,11504,935.24,5.0,1272.0,0.0,1272.0,packet_delivered,0.0,0.0,0.0,0.0,0.0,0.0,0.0,0.0,NA,0,1153.0
NFT-/XUTR/DEUTH02616720943X,19.05,0.0,0.0,1799.0,400.0,18.88,1.905,0.0,0.0,postpaid,0.381,0.0,0.0,0.0,4.04,4.7672,374.067,"",'133178146421883916603,2026-06-16,11176515756,02a2fd8d-d797-4078-93f5-4d9688096890,"",Forward,100121786444,100121786444,11504,380.95,5.0,1305.0,0.0,1305.0,packet_delivered,0.0,0.0,0.0,0.0,0.0,0.0,0.0,0.0,NA,0,494.0
NFT-/XUTR/DEUTH02616720943X,35.1,0.0,0.0,1750.0,12.0,3.115,0.057,0.0,0.0,postpaid,0.011,0.0,0.0,0.505,0.0,0.5959,8.221,"",'133179310066728863303,2026-06-16,11177692634,75f6a0c9-294a-48d9-a978-ee4d7f0beffc,"",Forward,100122963322,1000034318655,11504,701.9,5.0,919.0,12.0,931.0,packet_delivered,0.0,0.0,0.0,0.0,0.0,0.0,0.0,0.0,NA,0,831.0
NFT-/XUTR/DEUTH02616720943X,115.71,0.0,0.0,3999.0,2430.0,544.806,11.571,0.0,0.0,postpaid,2.314,0.0,0.0,61.0,0.0,71.98,1799.329,"",'133170248073273145303,2026-06-16,11175266556,403d6d30-edd2-467b-9d25-1d2cfe66d32b,"",Forward,100120537245,100120537245,11504,2314.29,5.0,1339.0,0.0,1339.0,packet_delivered,0.0,0.0,0.0,0.0,0.0,0.0,0.0,0.0,NA,0,2660.0
NFT-/XUTR/DEUTH02616720943X,77.52,0.0,0.0,1799.0,24.0,5.664,0.114,0.0,0.0,postpaid,0.023,0.0,0.0,0.722,0.0,0.85196,17.347,"",'133179310066728863303,2026-06-16,11177692630,75f6a0c9-294a-48d9-a978-ee4d7f0beffc,"",Forward,100122963318,1000034318655,11504,1550.48,5.0,0.0,24.0,24.0,packet_delivered,0.0,0.0,0.0,0.0,0.0,0.0,0.0,0.0,NA,0,1799.0
NFT-/XUTR/DEUTH02616720943X,59.67,0.0,0.0,2999.0,1253.0,310.493,5.967,0.0,0.0,postpaid,1.193,0.0,0.0,49.0,0.0,57.82,877.527,"",'133198853996973182301,2026-06-16,11188056252,92191a92-a7d1-4593-9f51-8dcef5217f28,"",Forward,100133326939,1000037457589,11504,1193.33,5.0,1575.0,0.0,1575.0,packet_delivered,0.0,0.0,0.0,0.0,0.0,0.0,0.0,0.0,NA,0,1424.0
NFT-/XUTR/DEUTH02616720943X,46.1,0.0,0.0,2399.0,28.0,7.269,0.133,0.0,0.0,postpaid,0.027,5.265,0.0,0.0,0.0,6.2127,-26.784,"",'133181626965677789103,2026-06-16,11178594921,79f19f5c-09df-431c-9b1d-586a3a622fe6,100167321877,Reverse,100123865609,1000035457283,11504,921.9,5.0,1260.0,28.0,1288.0,return_refund,0.0,0.0,0.0,0.0,0.0,0.0,0.0,0.0,NA,0,1139.0
NFT-/XUTR/DEUTH02616720943X,41.19,0.0,0.0,2399.0,865.0,224.554,4.119,0.0,0.0,postpaid,0.824,0.0,0.0,31.0,13.581,52.60558,582.897,"",'133187121136765834703,2026-06-16,11181712526,04c12c52-0b9a-4ce2-9434-e366ee3e3aa4,"",Forward,100126983214,100126983214,11504,823.81,5.0,1440.0,0.0,1440.0,packet_delivered,0.0,0.0,0.0,0.0,0.0,0.0,0.0,0.0,NA,0,959.0
NFT-/XUTR/DEUTH02616720943X,119.95,0.0,0.0,4099.0,2519.0,528.99,11.995,0.0,0.0,postpaid,2.399,0.0,0.0,61.0,0.0,71.98,1903.636,"",'133184564917519657301,2026-06-16,11180252356,061925a6-b827-40e0-94d5-41dcf3d997e5,"",Forward,100125523044,100125523044,11504,2399.05,5.0,1374.0,0.0,1374.0,packet_delivered,0.0,0.0,0.0,0.0,0.0,0.0,0.0,0.0,NA,0,2725.0
NFT-/XUTR/DEUTH02616720943X,46.1,0.0,0.0,2999.0,968.0,251.29300000000003,4.61,0.0,0.0,postpaid,0.922,0.0,0.0,31.0,0.0,36.58,674.595,"",'133184158017089919803,2026-06-16,11180040118,a9110879-4fae-4d68-a4ac-0d8384ded48b,"",Forward,100125310806,100125310806,11504,921.9,5.0,1860.0,0.0,1860.0,packet_delivered,0.0,0.0,0.0,0.0,0.0,0.0,0.0,0.0,NA,0,1139.0
NFT-/XUTR/DEUTH02616720943X,36.29,0.0,0.0,1899.0,762.0,160.02,3.629,0.0,0.0,postpaid,0.726,182.0,0.0,0.0,0.0,214.76,-812.385,"",'133183671432867048701,2026-06-16,11179779604,0df7a85d-5c77-4124-9d95-690b8748c5db,100167615735,Reverse,100125050292,100125050292,11504,725.71,5.0,1043.0,0.0,1043.0,return_refund,0.0,0.0,0.0,0.0,0.0,0.0,0.0,0.0,NA,0,856.0
NFT-/XUTR/DEUTH02616720943X,27.19,0.0,0.0,1799.0,24.0,6.23,0.114,0.0,0.0,postpaid,0.023,7.65,0.0,0.0,0.0,9.027,-26.66,"",'133182460347389334403,2026-06-16,11179035984,0331e73a-8dd0-49bf-8b10-e3bd60b49d68,100169962048,Reverse,100124306672,1000035369009,11504,543.81,5.0,1134.0,24.0,1158.0,return_refund,0.0,0.0,0.0,0.0,0.0,0.0,0.0,0.0,NA,0,665.0
NFT-/XUTR/DEUTH02616720943X,35.1,0.0,0.0,1750.0,43.999,11.422,0.21,0.0,0.0,postpaid,0.042,0.0,0.0,1.851,0.066,2.26206,30.063,"",'133183574374318042001,2026-06-16,11179727854,757f9def-f5ec-4ee7-8967-d707d2fb3330,"",Forward,100124998542,1000034648675,11504,701.9,5.0,919.0,44.0,963.0,packet_delivered,0.0,0.0,0.0,0.0,0.0,0.0,0.0,0.0,NA,0,831.0
NFT-/XUTR/DEUTH02616720943X,37.14,0.0,0.0,1750.0,571.52,107.903,2.722,0.0,0.0,postpaid,0.544,0.0,0.0,22.714,0.0,26.80252,433.548,"",'133189184206200039901,2026-06-16,11182920368,b1867130-24ff-4f43-9a31-89ffed297e31,"",Forward,100128191056,100128191056,11504,742.86,5.0,876.0,0.0,876.0,packet_delivered,0.0,0.0,0.0,0.0,0.0,0.0,0.0,0.0,NA,0,874.0
NFT-/XUTR/DEUTH02616720943X,29.91,0.0,0.0,1699.0,628.0,163.029,2.99,0.0,0.0,postpaid,0.598,0.0,0.0,27.0,0.0,31.86,429.523,"",'133175142200597049003,2026-06-16,11175857222,e5cd2a5b-4cd9-496a-b121-0ebdccbe67fa,"",Forward,100121127910,1000034083306,11504,598.1,5.0,977.0,0.0,977.0,packet_delivered,0.0,0.0,0.0,0.0,0.0,0.0,0.0,0.0,NA,0,722.01
NFT-/XUTR/DEUTH02616720943X,75.19,0.0,0.0,3499.0,29.0,6.09,0.138,0.0,0.0,postpaid,0.028,0.0,0.0,1.12,0.0,1.3216,21.422,"",'133186047713472747803,2026-06-16,11180972440,503ccf73-6a8c-4b51-ac4e-f63977462c14,"",Forward,100126243128,1000035401082,11504,1503.81,5.0,1749.0,29.0,1778.0,packet_delivered,0.0,0.0,0.0,0.0,0.0,0.0,0.0,0.0,NA,0,1750.0
NFT-/XUTR/DEUTH02616720943X,36.05,0.0,0.0,1699.0,43.0,11.163,0.205,0.0,0.0,postpaid,0.041,0.0,0.0,1.761,0.0,2.07798,29.513,"",'133182527555090659003,2026-06-16,11179079742,0758eb93-648a-4aab-aa76-db4fbef9cb35,"",Forward,100124350429,1000034520515,11504,720.95,5.0,848.0,43.0,891.0,packet_delivered,0.0,0.0,0.0,0.0,0.0,0.0,0.0,0.0,NA,0,851.0
NFT-/XUTR/DEUTH02616720943X,48.48,0.0,0.0,1699.0,1018.0,240.248,4.848,0.0,0.0,postpaid,0.97,0.0,0.0,49.0,0.0,57.82,714.114,"",'133202417322320726201,2026-06-16,11190111533,ea1619f9-d2f9-4f7a-963c-5e20d1e6ba7d,"",Forward,100135382219,100135382219,11504,969.52,5.0,510.0,0.0,510.0,packet_delivered,0.0,0.0,0.0,0.0,0.0,0.0,0.0,0.0,NA,0,1189.0
NFT-/XUTR/DEUTH02616720943X,45.62,0.0,0.0,1699.0,958.0,248.697,4.562,0.0,0.0,postpaid,0.912,0.0,0.0,31.0,0.0,36.58,667.249,"",'133178873349839175103,2026-06-16,11177260835,d8c6585a-1a06-482c-868e-fe812b07e3af,"",Forward,100122531522,1000034585748,11504,912.38,5.0,570.0,0.0,570.0,packet_delivered,0.0,0.0,0.0,0.0,0.0,0.0,0.0,0.0,NA,0,1129.0
NFT-/XUTR/DEUTH02616720943X,35.95,0.0,0.0,1699.0,35.0,9.086,0.167,0.0,0.0,postpaid,0.033,0.0,0.0,1.437,0.0,1.69566,24.018,"",'133184366467310074803,2026-06-16,11180150538,1290a17b-3516-4972-9fce-d45cabc55d48,"",Forward,100125421226,1000035386607,11504,719.05,5.0,850.0,35.0,885.0,packet_delivered,0.0,0.0,0.0,0.0,0.0,0.0,0.0,0.0,NA,0,849.0
NFT-/XUTR/DEUTH02616720943X,32.81,0.0,0.0,1650.0,42.0,10.903,0.2,0.0,0.0,postpaid,0.04,0.0,0.0,1.89,0.139,2.39422,28.463,"",'133182842342654924603,2026-06-16,11179285677,b752ad59-8643-43e7-a6ba-e6d00129d8bc,"",Forward,100124556365,1000035396186,11504,656.19,5.0,867.0,42.0,909.0,packet_delivered,0.0,0.0,0.0,0.0,0.0,0.0,0.0,0.0,NA,0,783.0
NFT-/XUTR/DEUTH02616720943X,59.67,0.0,0.0,2999.0,75.0,18.585,0.357,0.0,0.0,postpaid,0.071,0.0,0.0,2.933,0.0,3.46094,52.526,"",'133178668779255057803,2026-06-16,11176914466,ddd759c8-ee03-495a-9942-0429baf44ad8,"",Forward,100122185153,100122185153,11504,1193.33,5.0,1575.0,75.0,1650.0,packet_delivered,0.0,0.0,0.0,0.0,0.0,0.0,0.0,0.0,NA,0,1424.0
NFT-/XUTR/DEUTH02616720943X,68.71,0.0,0.0,3399.0,1443.0,357.575,6.871,0.0,0.0,postpaid,1.374,0.0,0.0,49.0,0.0,57.82,1019.36,"",'133195089469916489401,2026-06-16,11186653734,ca27a498-0681-488e-bb18-6a3a636eccf7,"",Forward,100131924421,100131924421,11504,1374.29,5.0,1785.0,0.0,1785.0,packet_delivered,0.0,0.0,0.0,0.0,0.0,0.0,0.0,0.0,NA,0,1614.0
NFT-/XUTR/DEUTH02616720943X,48.38,0.0,0.0,2699.0,215.78,53.47,1.028,0.0,0.0,postpaid,0.206,0.0,0.0,10.407,0.712,13.12042,147.956,"",'133182907152091807101,2026-06-16,11179328297,8615ad06-d26b-4809-80d9-905fe8509cda,"",Forward,100124598985,100124598985,11504,967.62,5.0,1512.0,0.0,1512.0,packet_delivered,0.0,0.0,0.0,0.0,0.0,0.0,0.0,0.0,NA,0,1187.0
NFT-/XUTR/DEUTH02616720943X,45.62,0.0,0.0,1699.0,958.0,248.697,4.562,0.0,0.0,postpaid,0.912,182.0,0.0,0.0,0.0,214.76,-918.589,"",'133179243571195807503,2026-06-16,11177654843,484a1d50-b8c2-41ae-b2f7-c00cad723b28,100168658079,Reverse,100122925531,100122925531,11504,912.38,5.0,570.0,0.0,570.0,return_refund,0.0,0.0,0.0,0.0,0.0,0.0,0.0,0.0,NA,0,1129.0
NFT-/XUTR/DEUTH02616720943X,36.19,0.0,0.0,1999.0,760.0,197.296,3.619,0.0,0.0,postpaid,0.724,0.0,0.0,31.0,0.0,36.58,521.781,"",'133180820695278787901,2026-06-16,11178378196,6c753707-c75e-444c-9823-6521e9a98d2e,"",Forward,100123648884,1000035438149,11504,723.81,5.0,1145.0,0.0,1145.0,packet_delivered,0.0,0.0,0.0,0.0,0.0,0.0,0.0,0.0,NA,0,854.0
NFT-/XUTR/DEUTH02616720943X,46.1,0.0,0.0,2399.0,28.0,7.269,0.133,0.0,0.0,postpaid,0.027,0.0,0.0,0.897,0.0,1.05846,19.513,"",'133181626965677789103,2026-06-16,11178594921,79f19f5c-09df-431c-9b1d-586a3a622fe6,"",Forward,100123865609,1000035457283,11504,921.9,5.0,1260.0,28.0,1288.0,packet_delivered,0.0,0.0,0.0,0.0,0.0,0.0,0.0,0.0,NA,0,1139.0
NFT-/XUTR/DEUTH02616720943X,39.62,0.0,0.0,1950.0,49.0,9.8,0.233,0.0,0.0,postpaid,0.047,10.719,0.0,0.0,0.0,12.64842,-51.568,"",'133184952036415370001,2026-06-16,11180437851,b707c3f7-2693-4f66-8e17-90b041824dfd,100167831277,Reverse,100125708539,100125708539,11504,792.38,5.0,1024.0,49.0,1073.0,return_refund,0.0,0.0,0.0,0.0,0.0,0.0,0.0,0.0,NA,0,926.0
NFT-/XUTR/DEUTH02616720943X,39.62,0.0,0.0,1599.0,832.0,215.987,3.962,0.0,0.0,postpaid,0.792,182.0,0.0,0.0,0.0,214.76,-826.019,"",'133178873349839175103,2026-06-16,11177260827,d8c6585a-1a06-482c-868e-fe812b07e3af,100167553573,Reverse,100122531515,1000034585748,11504,792.38,5.0,673.0,0.0,673.0,return_refund,0.0,0.0,0.0,0.0,0.0,0.0,0.0,0.0,NA,0,926.0
NFT-/XUTR/DEUTH02616720943X,75.95,0.0,0.0,3999.0,1595.0,395.241,7.595,0.0,0.0,postpaid,1.519,0.0,0.0,45.0,0.0,53.1,1137.545,"",'133174887064432040503,2026-06-16,11175802884,abb8151d-8ff9-4861-aea2-175a68c1b74c,"",Forward,100121073572,100121073572,11504,1519.05,5.0,2233.0,0.0,2233.0,packet_delivered,0.0,0.0,0.0,0.0,0.0,0.0,0.0,0.0,NA,0,1766.0
NFT-/XUTR/DEUTH02616720943X,22.62,0.0,0.0,1499.0,475.0,33.63,2.262,0.0,0.0,postpaid,0.452,182.0,0.0,0.0,0.0,214.76,-653.416,"",'133178873349839175103,2026-06-16,11177260848,d8c6585a-1a06-482c-868e-fe812b07e3af,11177260848,Reverse,100122531536,1000034585748,11504,452.38,5.0,930.0,0.0,930.0,exchange,0.0,0.0,0.0,0.0,0.0,0.0,0.0,0.0,NA,0,569.0
NFT-/XUTR/DEUTH02616720943X,21.67,0.0,0.0,1599.0,455.0,21.476,2.167,0.0,0.0,postpaid,0.433,0.0,0.0,30.0,7.599,44.36682,386.557,"",'133183042223266627803,2026-06-16,11179418472,19bcff21-064a-4ea4-85ad-6f9ca7733835,"",Forward,100124689160,100124689160,11504,433.33,5.0,1050.0,0.0,1050.0,packet_delivered,0.0,0.0,0.0,0.0,0.0,0.0,0.0,0.0,NA,0,549.0
NFT-/XUTR/DEUTH02616720943X,552.05,0.0,0.0,5499.0,98.0,24.284,0.415,0.0,0.0,postpaid,0.083,0.0,0.0,1.76,0.0,2.0768,71.141,"",'133184615657172375201,2026-06-16,11180276821,74e0a511-251a-40d5-ac59-84840425ab7a,"",Forward,100125547509,100125547509,11504,3066.95,18.0,1650.0,98.0,1748.0,packet_delivered,0.0,0.0,0.0,0.0,0.0,0.0,0.0,0.0,NA,0,3849.0
NFT-/XUTR/DEUTH02616720943X,35.05,0.0,0.0,1750.0,461.68,119.852,2.198,0.0,0.0,postpaid,0.44,0.0,0.0,19.446,0.0,22.94628,316.244,"",'133182944296873853101,2026-06-16,11179352894,a14ab444-bc4b-483a-a5db-4fef719d01b3,"",Forward,100124623582,1000034577625,11504,700.95,5.0,920.0,0.0,920.0,packet_delivered,0.0,0.0,0.0,0.0,0.0,0.0,0.0,0.0,NA,0,830.0
NFT-/XUTR/DEUTH02616720943X,41.95,0.0,0.0,1950.0,49.0,12.72,0.233,0.0,0.0,postpaid,0.047,0.0,0.0,1.724,0.0,2.03432,33.966,"",'133181674725245328203,2026-06-16,11178615455,4eae550f-3ec2-4759-8603-781dd92350b0,"",Forward,100123886143,100123886143,11504,839.05,5.0,975.0,49.0,1024.0,packet_delivered,0.0,0.0,0.0,0.0,0.0,0.0,0.0,0.0,NA,0,975.0
NFT-/XUTR/DEUTH02616720943X,29.24,0.0,0.0,1799.0,614.0,159.394,2.924,0.0,0.0,postpaid,0.585,182.0,0.0,0.0,0.0,214.76,-665.857,"",'133178547364210786803,2026-06-16,11176681010,e8d3b9fe-a707-4095-926a-48ffdd9de96f,100167710065,Reverse,100121951698,1000034255862,11504,584.76,5.0,1091.0,0.0,1091.0,return_refund,0.0,0.0,0.0,0.0,0.0,0.0,0.0,0.0,NA,0,708.0
NFT-/XUTR/DEUTH02616720943X,24.33,0.0,0.0,1399.0,511.0,36.179,2.433,0.0,0.0,postpaid,0.487,0.0,0.0,31.0,4.854,42.30772,429.593,"",'133192819828490214303,2026-06-16,11185182049,12f7a8dc-e61d-4f6a-bd87-b8e3036daaed,"",Forward,100130452737,100130452737,11504,486.67,5.0,794.0,0.0,794.0,packet_delivered,0.0,0.0,0.0,0.0,0.0,0.0,0.0,0.0,NA,0,605.0
NFT-/XUTR/DEUTH02616720943X,29.0,0.0,0.0,1599.0,609.0,158.096,2.9,0.0,0.0,postpaid,0.58,0.0,0.0,31.0,4.994,42.47292,404.951,"",'133191178618879759001,2026-06-16,11183912978,f30c41c0-843b-4282-a85b-52dffbb2f8cf,"",Forward,100129183666,100129183666,11504,580,5.0,896.0,0.0,896.0,packet_delivered,0.0,0.0,0.0,0.0,0.0,0.0,0.0,0.0,NA,0,703.0
NFT-/XUTR/DEUTH02616720943X,43.38,0.0,0.0,2799.0,383.37,99.523,1.826,0.0,0.0,postpaid,0.365,44.607,0.0,0.0,0.0,52.63626,-334.292,"",'133208512934269498601,2026-06-16,11192508162,a2f13766-7945-4a51-8561-df3024ca5700,100167623310,Reverse,100137778848,100137778848,11504,867.62,5.0,1717.0,0.0,1717.0,return_refund,0.0,0.0,0.0,0.0,0.0,0.0,0.0,0.0,NA,0,1082.0
NFT-/XUTR/DEUTH02616720943X,88.38,0.0,0.0,3100.0,1856.0000000000002,389.76,8.838,0.0,0.0,postpaid,1.768,182.0,0.0,0.0,0.0,214.76,-1670.394,"",'133183344953721230003,2026-06-16,11179602381,6a69207e-dc0d-429d-82d6-d3657c858183,100167856343,Reverse,100124873069,100124873069,11504,1767.62,5.0,1038.0,0.0,1038.0,return_refund,0.0,0.0,0.0,0.0,0.0,0.0,0.0,0.0,NA,0,2062.0
NFT-/XUTR/DEUTH02616720943X,66.57,0.0,0.0,3999.0,50.001,12.39,0.238,0.0,0.0,postpaid,0.048,0.0,0.0,1.753,0.0,2.06854,35.256,"",'133182692285287981703,2026-06-16,11179189226,10a84e45-1bc0-4afd-9080-55c8629557cd,"",Forward,100124459914,1000035397615,11504,1331.43,5.0,2430.0,50.0,2480.0,packet_delivered,0.0,0.0,0.0,0.0,0.0,0.0,0.0,0.0,NA,0,1569.0
NFT-/XUTR/DEUTH02616720943X,46.76,0.0,0.0,2425.0,711.8,149.478,3.39,0.0,0.0,postpaid,0.678,131.922,0.0,0.0,0.0,155.66796,-713.922,"",'133186855909633053903,2026-06-16,11181482742,401f5b03-e512-4338-81fb-39cab5b52f2a,100168653496,Reverse,100126753430,100126753430,11504,935.24,5.0,1272.0,0.0,1272.0,return_refund,0.0,0.0,0.0,0.0,0.0,0.0,0.0,0.0,NA,0,1153.0
NFT-/XUTR/DEUTH02616720943X,48.48,0.0,0.0,1699.0,1017.9999999999999,240.248,4.848,0.0,0.0,postpaid,0.97,106.0,0.0,0.0,0.0,125.08,-897.014,"",'133202417322320726201,2026-06-16,11190111533,ea1619f9-d2f9-4f7a-963c-5e20d1e6ba7d,100167651720,Reverse,100135382219,100135382219,11504,969.52,5.0,510.0,0.0,510.0,return_refund,0.0,0.0,0.0,0.0,0.0,0.0,0.0,0.0,NA,0,1189.0
NFT-/XUTR/DEUTH02616720943X,66.43,0.0,0.0,3299.0,179.541,44.49,0.855,0.0,0.0,postpaid,0.171,16.345,0.0,0.0,0.0,19.2871,-153.312,"",'133195506780204018601,2026-06-16,11187011699,058cb32a-8285-4407-94b8-362bbd4598f9,100167371448,Reverse,100132282386,100132282386,11504,1328.57,5.0,1733.0,0.0,1733.0,return_refund,0.0,0.0,0.0,0.0,0.0,0.0,0.0,0.0,NA,0,1566.0
NFT-/XUTR/DEUTH02616720943X,75.24,0.0,0.0,3499.0,29.0,5.8,0.138,0.0,0.0,postpaid,0.028,0.0,0.0,1.12,0.0,1.3216,21.712,"",'133186047713472747803,2026-06-16,11180972442,503ccf73-6a8c-4b51-ac4e-f63977462c14,"",Forward,100126243130,1000035401082,11504,1504.76,5.0,1748.0,29.0,1777.0,packet_delivered,0.0,0.0,0.0,0.0,0.0,0.0,0.0,0.0,NA,0,1751.0
NFT-/XUTR/DEUTH02616720943X,68.71,0.0,0.0,3399.0,1443.0,357.575,6.871,0.0,0.0,postpaid,1.374,127.0,0.0,0.0,0.0,149.86,-1227.04,"",'133195089469916489401,2026-06-16,11186653734,ca27a498-0681-488e-bb18-6a3a636eccf7,100172423112,Reverse,100131924421,100131924421,11504,1374.29,5.0,1785.0,0.0,1785.0,return_refund,0.0,0.0,0.0,0.0,0.0,0.0,0.0,0.0,NA,0,1614.0
NFT-/XUTR/DEUTH02616720943X,52.24,0.0,0.0,2499.0,1097.0,271.837,5.224,0.0,0.0,postpaid,1.045,182.0,0.0,0.0,0.0,214.76,-1033.654,"",'133167051997173815301,2026-06-16,11174313031,653aa190-193b-4c3d-a95b-836194fd413b,100169192614,Reverse,100119583721,100119583721,11504,1044.76,5.0,1231.0,0.0,1231.0,return_refund,0.0,0.0,0.0,0.0,0.0,0.0,0.0,0.0,NA,0,1268.0
NFT-/XUTR/DEUTH02616720943X,31.71,0.0,0.0,1599.0,19.0,4.932,0.09,0.0,0.0,postpaid,0.018,0.0,0.0,0.884,0.0,1.04312,12.917,"",'133181626965677789103,2026-06-16,11178594923,79f19f5c-09df-431c-9b1d-586a3a622fe6,"",Forward,100123865611,1000035457283,11504,634.29,5.0,839.0,19.0,858.0,packet_delivered,0.0,0.0,0.0,0.0,0.0,0.0,0.0,0.0,NA,0,760.0
NFT-/XUTR/DEUTH02616720943X,36.19,0.0,0.0,1799.0,44.999,11.682,0.214,0.0,0.0,postpaid,0.043,0.0,0.0,1.836,0.0,2.16648,30.894,"",'133183574374318042001,2026-06-16,11179727861,757f9def-f5ec-4ee7-8967-d707d2fb3330,"",Forward,100124998549,1000034648675,11504,723.81,5.0,945.0,45.0,990.0,packet_delivered,0.0,0.0,0.0,0.0,0.0,0.0,0.0,0.0,NA,0,854.0
NFT-/XUTR/DEUTH02616720943X,60.86,0.0,0.0,2899.0,1278.0,316.688,6.086,0.0,0.0,postpaid,1.217,0.0,0.0,49.0,0.0,57.82,896.189,"",'133184194320795896103,2026-06-16,11180059172,401875bd-f79e-497d-ab3b-ed7356b3f231,"",Forward,100125329860,1000035409820,11504,1217.14,5.0,1450.0,0.0,1450.0,packet_delivered,0.0,0.0,0.0,0.0,0.0,0.0,0.0,0.0,NA,0,1449.0
NFT-/XUTR/DEUTH02616720943X,52.95,0.0,0.0,2999.0,1112.0,275.554,5.295,0.0,0.0,postpaid,1.059,106.0,0.0,0.0,0.0,125.08,-955.172,"",'133204331941741799501,2026-06-16,11191313663,44a1a52d-3d92-4297-a94b-139517f48052,100170409932,Reverse,100136584349,100136584349,11504,1059.05,5.0,1716.0,0.0,1716.0,return_refund,0.0,0.0,0.0,0.0,0.0,0.0,0.0,0.0,NA,0,1283.0
NFT-/XUTR/DEUTH02616720943X,50.24,0.0,0.0,2499.0,63.001,15.611,0.3,0.0,0.0,postpaid,0.06,0.0,0.0,2.926,0.435,3.96598,43.064,"",'133181736061135876803,2026-06-16,11178643359,844a21c4-02cc-435a-afd4-935db0a41b5c,"",Forward,100123914046,100123914046,11504,1004.76,5.0,1250.0,63.0,1313.0,packet_delivered,0.0,0.0,0.0,0.0,0.0,0.0,0.0,0.0,NA,0,1249.0
NFT-/XUTR/DEUTH02616720943X,0.0,20.07,20.07,3499.0,843.0,218.843,0.0,2.007,2.007,postpaid,0.803,0.0,0.0,31.0,0.0,36.58,582.76,"",'133190978684792565801,2026-06-16,11183756715,a11345ca-bd42-4dd4-8168-4e49fd103584,"",Forward,100129027403,100129027403,11504,802.86,5.0,2485.0,0.0,2485.0,packet_delivered,0.0,0.0,0.0,0.0,0.0,0.0,0.0,0.0,NA,0,1014.0000000000001
NFT-/XUTR/DEUTH02616720943X,18.95,0.0,0.0,1699.0,24.999999999999996,1.18,0.119,0.0,0.0,postpaid,0.024,11.432,0.0,0.0,0.0,13.48976,-37.167,"",'133182527555090659003,2026-06-16,11179079753,0758eb93-648a-4aab-aa76-db4fbef9cb35,100167713059,Reverse,100124350441,1000034520515,11504,379.05,5.0,1207.0,25.0,1232.0,return_refund,0.0,0.0,0.0,0.0,0.0,0.0,0.0,0.0,NA,0,492.0
NFT-/XUTR/DEUTH02616720943X,52.95,0.0,0.0,2999.0,1112.0,275.554,5.295,0.0,0.0,postpaid,1.059,0.0,0.0,49.0,0.0,57.82,772.272,"",'133204331941741799501,2026-06-16,11191313663,44a1a52d-3d92-4297-a94b-139517f48052,"",Forward,100136584349,100136584349,11504,1059.05,5.0,1716.0,0.0,1716.0,packet_delivered,0.0,0.0,0.0,0.0,0.0,0.0,0.0,0.0,NA,0,1283.0
NFT-/XUTR/DEUTH02616720943X,27.86,0.0,0.0,1799.0,585.0,151.866,2.786,0.0,0.0,postpaid,0.557,0.0,0.0,27.0,0.0,31.86,397.931,"",'133175656892845531801,2026-06-16,11175964540,396d184d-a2f2-4bab-9e18-82c0c3410ef9,"",Forward,100121235228,100121235228,11504,557.14,5.0,1120.0,0.0,1120.0,packet_delivered,0.0,0.0,0.0,0.0,0.0,0.0,0.0,0.0,NA,0,679.0
NFT-/XUTR/DEUTH02616720943X,35.1,0.0,0.0,1750.0,43.999,11.422,0.21,0.0,0.0,postpaid,0.042,10.866,0.0,0.0,0.0,12.82188,-45.147,"",'133183574374318042001,2026-06-16,11179727854,757f9def-f5ec-4ee7-8967-d707d2fb3330,100167466644,Reverse,100124998542,1000034648675,11504,701.9,5.0,919.0,44.0,963.0,return_refund,0.0,0.0,0.0,0.0,0.0,0.0,0.0,0.0,NA,0,831.0
NFT-/XUTR/DEUTH02616720943X,45.24,0.0,0.0,2699.0,950.0,246.62,4.524,0.0,0.0,postpaid,0.905,0.0,0.0,27.0,1.805,33.9899,663.961,"",'133172296217998293901,2026-06-16,11175357654,28ee6b4a-2a72-4adc-9383-48778c393678,"",Forward,100120628343,100120628343,11504,904.76,5.0,1578.0,0.0,1578.0,packet_delivered,0.0,0.0,0.0,0.0,0.0,0.0,0.0,0.0,NA,0,1121.0
NFT-/XUTR/DEUTH02616720943X,88.38,0.0,0.0,3100.0,1856.0,389.76,8.838,0.0,0.0,postpaid,1.768,0.0,0.0,61.0,0.0,71.98,1383.654,"",'133183344953721230003,2026-06-16,11179602381,6a69207e-dc0d-429d-82d6-d3657c858183,"",Forward,100124873069,100124873069,11504,1767.62,5.0,1038.0,0.0,1038.0,packet_delivered,0.0,0.0,0.0,0.0,0.0,0.0,0.0,0.0,NA,0,2062.0
NFT-/XUTR/DEUTH02616720943X,48.33,0.0,0.0,2499.0,63.001000000000005,15.612,0.3,0.0,0.0,postpaid,0.06,11.297,0.0,0.0,0.0,13.33046,-60.359,"",'133183151390825991803,2026-06-16,11179490516,ce51e710-edf1-42df-940c-8d0b0bacefeb,100170916487,Reverse,100124761203,100124761203,11504,966.67,5.0,1313.0,63.0,1376.0,return_refund,0.0,0.0,0.0,0.0,0.0,0.0,0.0,0.0,NA,0,1186.0
NFT-/XUTR/DEUTH02616720943X,60.86,0.0,0.0,2899.0,1278.0,316.688,6.086,0.0,0.0,postpaid,1.217,182.0,0.0,0.0,0.0,214.76,-1168.769,"",'133184194320795896103,2026-06-16,11180059172,401875bd-f79e-497d-ab3b-ed7356b3f231,100168964775,Reverse,100125329860,1000035409820,11504,1217.14,5.0,1450.0,0.0,1450.0,return_refund,0.0,0.0,0.0,0.0,0.0,0.0,0.0,0.0,NA,0,1449.0
NFT-/XUTR/DEUTH02616720943X,64.62,0.0,0.0,2299.0,72.0,16.992,0.343,0.0,0.0,postpaid,0.069,9.657,0.0,0.0,0.0,11.39526,-65.991,"",'133183366012345218303,2026-06-16,11179614403,26ffb932-8f27-41e2-9c4a-f39f5a1636a0,100171016571,Reverse,100124885091,100124885091,11504,1292.38,5.0,771.0,72.0,843.0,return_refund,0.0,0.0,0.0,0.0,0.0,0.0,0.0,0.0,NA,0,1528.0
NFT-/XUTR/DEUTH02616720943X,45.62,0.0,0.0,1699.0,60.0,15.576,0.286,0.0,0.0,postpaid,0.057,0.0,0.0,1.942,0.0,2.29156,41.789,"",'133181645182269117403,2026-06-16,11178602570,c867911f-824b-4650-a589-90b53b3cd7ec,"",Forward,100123873257,100123873257,11504,912.38,5.0,570.0,60.0,630.0,packet_delivered,0.0,0.0,0.0,0.0,0.0,0.0,0.0,0.0,NA,0,1129.0
NFT-/XUTR/DEUTH02616720943X,45.14,0.0,0.0,2799.0,948.0,246.101,4.514,0.0,0.0,postpaid,0.903,182.0,0.0,0.0,0.0,214.76,-911.242,"",'133184194320795896103,2026-06-16,11180059165,401875bd-f79e-497d-ab3b-ed7356b3f231,100168965058,Reverse,100125329853,1000035409820,11504,902.86,5.0,1680.0,0.0,1680.0,return_refund,0.0,0.0,0.0,0.0,0.0,0.0,0.0,0.0,NA,0,1119.0
NFT-/XUTR/DEUTH02616720943X,57.38,0.0,0.0,2899.0,1199.01,297.115,5.71,0.0,0.0,postpaid,1.142,0.0,0.0,48.756,0.0,57.53208,837.511,"",'133195177977576554101,2026-06-16,11186724612,d8ab7f87-c94b-4268-929d-a2a57ff31b58,"",Forward,100131995299,100131995299,11504,1147.62,5.0,1523.0,0.0,1523.0,packet_delivered,0.0,0.0,0.0,0.0,0.0,0.0,0.0,0.0,NA,0,1376.0
NFT-/XUTR/DEUTH02616720943X,50.24,0.0,0.0,2499.0,63.001000000000005,15.611,0.3,0.0,0.0,postpaid,0.06,13.914,0.0,0.0,0.0,16.41852,-63.449,"",'133181736061135876803,2026-06-16,11178643359,844a21c4-02cc-435a-afd4-935db0a41b5c,100167567961,Reverse,100123914046,100123914046,11504,1004.76,5.0,1250.0,63.0,1313.0,return_refund,0.0,0.0,0.0,0.0,0.0,0.0,0.0,0.0,NA,0,1249.0
NFT-/XUTR/DEUTH02616720943X,50.43,0.0,0.0,1850.0,63.0,14.868,0.3,0.0,0.0,postpaid,0.06,0.0,0.0,2.915,0.0,3.4397,44.332,"",'133181447640249153303,2026-06-16,11178527214,8ca974aa-e021-4422-8245-f61111cf211b,"",Forward,100123797903,100123797903,11504,1008.57,5.0,620.0,63.0,683.0,packet_delivered,0.0,0.0,0.0,0.0,0.0,0.0,0.0,0.0,NA,0,1230.0
NFT-/XUTR/DEUTH02616720943X,29.05,0.0,0.0,1699.0,36.0,9.346,0.171,0.0,0.0,postpaid,0.034,0.0,0.0,1.829,0.0,2.15822,24.291,"",'133183786914542888803,2026-06-16,11179842484,ec805837-6728-4c01-b5bb-3cf5f24d63ee,"",Forward,100125113172,100125113172,11504,580.95,5.0,995.0,36.0,1031.0,packet_delivered,0.0,0.0,0.0,0.0,0.0,0.0,0.0,0.0,NA,0,704.0
NFT-/XUTR/DEUTH02616720943X,50.43,0.0,0.0,1850.0,50.0,11.8,0.238,0.0,0.0,postpaid,0.048,0.0,0.0,2.313,0.0,2.72934,35.185,"",'133184919820133440503,2026-06-16,11180422462,bc7c4c79-044d-40ea-b567-cb24da6bb498,"",Forward,100125693150,100125693150,11504,1008.57,5.0,620.0,50.0,670.0,packet_delivered,0.0,0.0,0.0,0.0,0.0,0.0,0.0,0.0,NA,0,1230.0
NFT-/XUTR/DEUTH02616720943X,45.62,0.0,0.0,1699.0,958.0,248.697,4.562,0.0,0.0,postpaid,0.912,0.0,0.0,31.0,0.0,36.58,667.249,"",'133210338597292537703,2026-06-16,11193692622,d27d52de-b772-4aee-b137-242b81bbf333,"",Forward,100138963308,100138963308,11504,912.38,5.0,570.0,0.0,570.0,packet_delivered,0.0,0.0,0.0,0.0,0.0,0.0,0.0,0.0,NA,0,1129.0
NFT-/XUTR/DEUTH02616720943X,59.67,0.0,0.0,2999.0,1253.0,310.493,5.967,0.0,0.0,postpaid,1.193,0.0,0.0,45.0,0.0,53.1,882.247,"",'133178032028391280601,2026-06-16,11176483400,01214c6f-92ae-461d-ba8b-13f4ccfd503e,"",Forward,100121754088,100121754088,11504,1193.33,5.0,1575.0,0.0,1575.0,packet_delivered,0.0,0.0,0.0,0.0,0.0,0.0,0.0,0.0,NA,0,1424.0
NFT-/XUTR/DEUTH02616720943X,31.67,0.0,0.0,1599.0,39.999,10.384,0.19,0.0,0.0,postpaid,0.038,0.0,0.0,1.865,0.336,2.59718,26.79,"",'133183574374318042001,2026-06-16,11179727844,757f9def-f5ec-4ee7-8967-d707d2fb3330,"",Forward,100124998532,1000034648675,11504,633.33,5.0,840.0,40.0,880.0,packet_delivered,0.0,0.0,0.0,0.0,0.0,0.0,0.0,0.0,NA,0,759.0
NFT-/XUTR/DEUTH02616720943X,35.05,0.0,0.0,1750.0,12.0,3.115,0.057,0.0,0.0,postpaid,0.011,0.0,0.0,0.505,0.0,0.5959,8.221,"",'133179310066728863303,2026-06-16,11177692633,75f6a0c9-294a-48d9-a978-ee4d7f0beffc,"",Forward,100122963321,1000034318655,11504,700.95,5.0,920.0,12.0,932.0,packet_delivered,0.0,0.0,0.0,0.0,0.0,0.0,0.0,0.0,NA,0,830.0
NFT-/XUTR/DEUTH02616720943X,48.48,0.0,0.0,1699.0,1018.0,240.248,4.848,0.0,0.0,postpaid,0.97,0.0,0.0,49.0,0.0,57.82,714.114,"",'133181918173896720001,2026-06-16,11178730499,15caa26c-39fc-4efe-8dd3-4772564421be,"",Forward,100124001187,100124001187,11504,969.52,5.0,510.0,0.0,510.0,packet_delivered,0.0,0.0,0.0,0.0,0.0,0.0,0.0,0.0,NA,0,1189.0
NFT-/XUTR/DEUTH02616720943X,46.1,0.0,0.0,2999.0,50.0,12.98,0.238,0.0,0.0,postpaid,0.048,9.401,0.0,0.0,0.0,11.09318,-47.827,"",'133180414962851727601,2026-06-16,11178335389,ed7b0530-24c6-4fde-9593-aeaae5eee504,11178335389,Reverse,100123606077,100123606077,11504,921.9,5.0,1860.0,50.0,1910.0,exchange,0.0,0.0,0.0,0.0,0.0,0.0,0.0,0.0,NA,0,1139.0
NFT-/XUTR/DEUTH02616720943X,0.0,48.64,48.64,2999.0,2043.0,482.148,0.0,4.8645,4.8645,postpaid,1.946,0.0,0.0,65.0,10.624,89.23632,1459.941,"",'133204793038901577903,2026-06-16,11191616867,f4d0fc36-9372-4b50-a375-34fa10092143,"",Forward,100136887553,100136887553,11504,1945.72,5.0,750.0,0.0,750.0,packet_delivered,0.0,0.0,0.0,0.0,0.0,0.0,0.0,0.0,NA,0,2249.0
NFT-/XUTR/DEUTH02616720943X,51.52,0.0,0.0,3299.0,66.0,16.355,0.314,0.0,0.0,postpaid,0.063,0.0,0.0,2.989,0.0,3.52702,45.741,"",'133185643409407120703,2026-06-16,11180763844,260553dd-c85f-4575-9ad6-ccb04e971907,"",Forward,100126034532,100126034532,11504,1030.48,5.0,2046.0,66.0,2112.0,packet_delivered,0.0,0.0,0.0,0.0,0.0,0.0,0.0,0.0,NA,0,1253.0
NFT-/XUTR/DEUTH02616720943X,63.24,0.0,0.0,2999.0,1315.41,325.959,6.264,0.0,0.0,postpaid,1.253,0.0,0.0,48.535,0.0,57.2713,924.663,"",'133192074529262407203,2026-06-16,11184632409,7aa3e356-d0e1-4fef-90d9-66d08e58998d,"",Forward,100129903097,100129903097,11504,1264.76,5.0,1500.0,0.0,1500.0,packet_delivered,0.0,0.0,0.0,0.0,0.0,0.0,0.0,0.0,NA,0,1499.0
NFT-/XUTR/DEUTH02616720943X,24.05,0.0,0.0,1499.0,25.0,1.77,0.119,0.0,0.0,postpaid,0.024,0.0,0.0,1.535,0.225,2.0768,21.01,"",'133184366467310074803,2026-06-16,11180150544,1290a17b-3516-4972-9fce-d45cabc55d48,"",Forward,100125421232,1000035386607,11504,480.95,5.0,900.0,25.0,925.0,packet_delivered,0.0,0.0,0.0,0.0,0.0,0.0,0.0,0.0,NA,0,599.0
NFT-/XUTR/DEUTH02616720943X,27.67,0.0,0.0,2499.0,24.0,1.133,0.114,0.0,0.0,postpaid,0.023,0.0,0.0,0.165,0.0,0.1947,22.535,"",'133182460347389334403,2026-06-16,11179035982,0331e73a-8dd0-49bf-8b10-e3bd60b49d68,"",Forward,100124306670,1000035369009,11504,553.33,5.0,1800.0,24.0,1824.0,packet_delivered,0.0,0.0,0.0,0.0,0.0,0.0,0.0,0.0,NA,0,699.0
NFT-/XUTR/DEUTH02616720943X,43.1,0.0,0.0,1999.0,905.0,234.938,4.31,0.0,0.0,postpaid,0.862,182.0,0.0,0.0,0.0,214.76,-879.65,"",'133186852507442705903,2026-06-16,11181480302,a6186fbe-9da5-4881-b748-619d5b9f396d,100168134236,Reverse,100126750990,100126750990,11504,861.9,5.0,1000.0,0.0,1000.0,return_refund,0.0,0.0,0.0,0.0,0.0,0.0,0.0,0.0,NA,0,999.0
NFT-/XUTR/DEUTH02616720943X,35.1,0.0,0.0,1750.0,30.0,7.788,0.143,0.0,0.0,postpaid,0.029,0.0,0.0,1.262,0.0,1.48916,20.551,"",'133182460347389334403,2026-06-16,11179035989,0331e73a-8dd0-49bf-8b10-e3bd60b49d68,"",Forward,100124306677,1000035369009,11504,701.9,5.0,919.0,30.0,949.0,packet_delivered,0.0,0.0,0.0,0.0,0.0,0.0,0.0,0.0,NA,0,831.0
NFT-/XUTR/DEUTH02616720943X,41.95,0.0,0.0,1950.0,49.0,12.72,0.233,0.0,0.0,postpaid,0.047,10.123,0.0,0.0,0.0,11.94514,-47.945,"",'133181674725245328203,2026-06-16,11178615455,4eae550f-3ec2-4759-8603-781dd92350b0,100167434493,Reverse,100123886143,100123886143,11504,839.05,5.0,975.0,49.0,1024.0,return_refund,0.0,0.0,0.0,0.0,0.0,0.0,0.0,0.0,NA,0,975.0
NFT-/XUTR/DEUTH02616720943X,48.33,0.0,0.0,2499.0,63.001,15.612,0.3,0.0,0.0,postpaid,0.06,0.0,0.0,3.041,0.0,3.58838,43.441,"",'133183151390825991803,2026-06-16,11179490516,ce51e710-edf1-42df-940c-8d0b0bacefeb,"",Forward,100124761203,100124761203,11504,966.67,5.0,1313.0,63.0,1376.0,packet_delivered,0.0,0.0,0.0,0.0,0.0,0.0,0.0,0.0,NA,0,1186.0
NFT-/XUTR/DEUTH02616720943X,22.62,0.0,0.0,1499.0,475.0,33.63,2.262,0.0,0.0,postpaid,0.452,0.0,0.0,22.0,0.57,26.6326,412.023,"",'133178873349839175103,2026-06-16,11177260848,d8c6585a-1a06-482c-868e-fe812b07e3af,"",Forward,100122531536,1000034585748,11504,452.38,5.0,930.0,0.0,930.0,packet_delivered,0.0,0.0,0.0,0.0,0.0,0.0,0.0,0.0,NA,0,569.0
NFT-/XUTR/DEUTH02616720943X,29.24,0.0,0.0,1799.0,614.0,159.394,2.924,0.0,0.0,postpaid,0.585,0.0,0.0,31.0,0.0,36.58,414.517,"",'133178547364210786803,2026-06-16,11176681010,e8d3b9fe-a707-4095-926a-48ffdd9de96f,"",Forward,100121951698,1000034255862,11504,584.76,5.0,1091.0,0.0,1091.0,packet_delivered,0.0,0.0,0.0,0.0,0.0,0.0,0.0,0.0,NA,0,708.0
NFT-/XUTR/DEUTH02616720943X,38.43,0.0,0.0,1899.0,807.0,209.497,3.843,0.0,0.0,postpaid,0.769,0.0,0.0,31.0,0.0,36.58,556.311,"",'133178547364210786803,2026-06-16,11176681001,e8d3b9fe-a707-4095-926a-48ffdd9de96f,"",Forward,100121951689,1000034255862,11504,768.57,5.0,998.0,0.0,998.0,packet_delivered,0.0,0.0,0.0,0.0,0.0,0.0,0.0,0.0,NA,0,901.0
NFT-/XUTR/DEUTH02616720943X,37.14,0.0,0.0,1750.0,770.54,200.032,3.669,0.0,0.0,postpaid,0.734,0.0,0.0,26.673,0.0,31.47414,534.631,"",'133174282606547529201,2026-06-16,11175665339,0ef4655b-24ab-4563-b513-11160cbd9302,"",Forward,100120936027,100120936027,11504,742.86,5.0,876.0,0.0,876.0,packet_delivered,0.0,0.0,0.0,0.0,0.0,0.0,0.0,0.0,NA,0,874.0
NFT-/XUTR/DEUTH02616720943X,19.1,0.0,0.0,1599.0,401.0,18.927,1.91,0.0,0.0,postpaid,0.382,0.0,0.0,18.0,0.0,21.24,358.541,"",'133186331705680395703,2026-06-16,11181128650,c2e8c468-0d6f-4584-8434-0ea9750f13ff,"",Forward,100126399338,100126399338,11504,381.9,5.0,1104.0,0.0,1104.0,packet_delivered,0.0,0.0,0.0,0.0,0.0,0.0,0.0,0.0,NA,0,495.0
NFT-/XUTR/DEUTH02616720943X,29.76,0.0,0.0,1799.0,9.0,2.336,0.043,0.0,0.0,postpaid,0.009,0.0,0.0,0.446,0.0,0.52628,6.086,"",'133178605811170547801,2026-06-16,11176790588,86bf76fc-ac3e-4521-944a-2d08b1fdbc08,"",Forward,100122061276,1000034570559,11504,595.24,5.0,1080.0,9.0,1089.0,packet_delivered,0.0,0.0,0.0,0.0,0.0,0.0,0.0,0.0,NA,0,719.0
NFT-/XUTR/DEUTH02616720943X,29.05,0.0,0.0,1699.0,36.0,9.346,0.171,0.0,0.0,postpaid,0.034,10.741,0.0,0.0,0.0,12.67438,-39.123,"",'133183786914542888803,2026-06-16,11179842484,ec805837-6728-4c01-b5bb-3cf5f24d63ee,11179842484,Reverse,100125113172,100125113172,11504,580.95,5.0,995.0,36.0,1031.0,exchange,0.0,0.0,0.0,0.0,0.0,0.0,0.0,0.0,NA,0,704.0
NFT-/XUTR/DEUTH02616720943X,27.67,0.0,0.0,2499.0,24.0,1.133,0.114,0.0,0.0,postpaid,0.023,9.625,0.0,0.0,0.0,11.3575,-34.088,"",'133182460347389334403,2026-06-16,11179035982,0331e73a-8dd0-49bf-8b10-e3bd60b49d68,100169961610,Reverse,100124306670,1000035369009,11504,553.33,5.0,1800.0,24.0,1824.0,return_refund,0.0,0.0,0.0,0.0,0.0,0.0,0.0,0.0,NA,0,699.0
NFT-/XUTR/DEUTH02616720943X,59.67,0.0,0.0,2999.0,1253.0,310.493,5.967,0.0,0.0,postpaid,1.193,127.0,0.0,0.0,0.0,149.86,-1085.207,"",'133178032028391280601,2026-06-16,11176483400,01214c6f-92ae-461d-ba8b-13f4ccfd503e,100167278453,Reverse,100121754088,100121754088,11504,1193.33,5.0,1575.0,0.0,1575.0,return_refund,0.0,0.0,0.0,0.0,0.0,0.0,0.0,0.0,NA,0,1424.0
NFT-/XUTR/DEUTH02616720943X,46.1,0.0,0.0,2999.0,968.0,251.29300000000003,4.61,0.0,0.0,postpaid,0.922,182.0,0.0,0.0,0.0,214.76,-925.935,"",'133184158017089919803,2026-06-16,11180040118,a9110879-4fae-4d68-a4ac-0d8384ded48b,100167373312,Reverse,100125310806,100125310806,11504,921.9,5.0,1860.0,0.0,1860.0,return_refund,0.0,0.0,0.0,0.0,0.0,0.0,0.0,0.0,NA,0,1139.0
NFT-/XUTR/DEUTH02616720943X,42.48,0.0,0.0,2799.0,40.0,10.384,0.19,0.0,0.0,postpaid,0.038,0.0,0.0,1.39,0.0,1.6402,27.748,"",'133194014048544339603,2026-06-16,11185945517,1dbc95cd-b1f7-44a7-8efa-0e47c9ae4116,"",Forward,100131216204,100131216204,11504,849.52,5.0,1736.0,40.0,1776.0,packet_delivered,0.0,0.0,0.0,0.0,0.0,0.0,0.0,0.0,NA,0,1063.0
NFT-/XUTR/DEUTH02616720943X,48.48,0.0,0.0,1699.0,1018.0,240.248,4.848,0.0,0.0,postpaid,0.97,182.0,0.0,0.0,0.0,214.76,-986.694,"",'133181918173896720001,2026-06-16,11178730499,15caa26c-39fc-4efe-8dd3-4772564421be,100167400593,Reverse,100124001187,100124001187,11504,969.52,5.0,510.0,0.0,510.0,return_refund,0.0,0.0,0.0,0.0,0.0,0.0,0.0,0.0,NA,0,1189.0
NFT-/XUTR/DEUTH02616720943X,33.48,0.0,0.0,1899.0,703.0,182.499,3.348,0.0,0.0,postpaid,0.67,0.0,0.0,31.0,0.0,36.58,479.903,"",'133181606737304107001,2026-06-16,11178586305,0ffcf021-73f3-4099-9728-3329ad334b9d,"",Forward,100123856993,100123856993,11504,669.52,5.0,1102.0,0.0,1102.0,packet_delivered,0.0,0.0,0.0,0.0,0.0,0.0,0.0,0.0,NA,0,797.0
NFT-/XUTR/DEUTH02616720943X,45.62,0.0,0.0,1699.0,958.0,248.697,4.562,0.0,0.0,postpaid,0.912,0.0,0.0,27.0,0.0,31.86,671.969,"",'133172730290053991301,2026-06-16,11175390286,6e093df6-028f-4143-9f73-aeb2aa1f4197,"",Forward,100120660975,100120660975,11504,912.38,5.0,570.0,0.0,570.0,packet_delivered,0.0,0.0,0.0,0.0,0.0,0.0,0.0,0.0,NA,0,1129.0
NFT-/XUTR/DEUTH02616720943X,0.0,21.55,21.55,3499.0,905.0,171.95,0.0,2.155,2.155,postpaid,0.862,0.0,0.0,45.0,0.0,53.1,674.778,"",'133193068424133450701,2026-06-16,11185354674,9a0092f8-9e3d-45b9-a158-387ac66db29d,"",Forward,100130625361,100130625361,11504,861.9,5.0,2500.0,0.0,2500.0,packet_delivered,0.0,0.0,0.0,0.0,0.0,0.0,0.0,0.0,NA,0,998.9999999999999
NFT-/XUTR/DEUTH02616720943X,33.95,0.0,0.0,1699.0,713.0,185.095,3.395,0.0,0.0,postpaid,0.679,182.0,0.0,0.0,0.0,214.76,-738.591,"",'133178873349839175103,2026-06-16,11177260843,d8c6585a-1a06-482c-868e-fe812b07e3af,100167290213,Reverse,100122531531,1000034585748,11504,679.05,5.0,892.0,0.0,892.0,return_refund,0.0,0.0,0.0,0.0,0.0,0.0,0.0,0.0,NA,0,807.0
NFT-/XUTR/DEUTH02616720943X,48.81,0.0,0.0,1799.0,1025.0,241.9,4.881,0.0,0.0,postpaid,0.976,0.0,0.0,49.0,0.0,57.82,719.423,"",'133198853996973182301,2026-06-16,11188056255,92191a92-a7d1-4593-9f51-8dcef5217f28,"",Forward,100133326942,1000037457589,11504,976.19,5.0,603.0,0.0,603.0,packet_delivered,0.0,0.0,0.0,0.0,0.0,0.0,0.0,0.0,NA,0,1196.0
NFT-/XUTR/DEUTH02616720943X,66.43,0.0,0.0,3299.0,179.541,44.49,0.855,0.0,0.0,postpaid,0.171,0.0,0.0,6.306,0.0,7.44108,126.584,"",'133195506780204018601,2026-06-16,11187011699,058cb32a-8285-4407-94b8-362bbd4598f9,"",Forward,100132282386,100132282386,11504,1328.57,5.0,1733.0,0.0,1733.0,packet_delivered,0.0,0.0,0.0,0.0,0.0,0.0,0.0,0.0,NA,0,1566.0
NFT-/XUTR/DEUTH02616720943X,33.95,0.0,0.0,1699.0,713.0,185.095,3.395,0.0,0.0,postpaid,0.679,0.0,0.0,31.0,0.0,36.58,487.251,"",'133178873349839175103,2026-06-16,11177260843,d8c6585a-1a06-482c-868e-fe812b07e3af,"",Forward,100122531531,1000034585748,11504,679.05,5.0,892.0,0.0,892.0,packet_delivered,0.0,0.0,0.0,0.0,0.0,0.0,0.0,0.0,NA,0,807.0
NFT-/XUTR/DEUTH02616720943X,25.19,0.0,0.0,1399.0,529.0,37.453,2.519,0.0,0.0,postpaid,0.504,0.0,0.0,31.0,5.026,42.51068,446.013,"",'133191161086877539601,2026-06-16,11183898747,54cf3e1c-0a38-4456-8751-5d0e16454157,"",Forward,100129169435,100129169435,11504,503.81,5.0,776.0,0.0,776.0,packet_delivered,0.0,0.0,0.0,0.0,0.0,0.0,0.0,0.0,NA,0,623.0
NFT-/XUTR/DEUTH02616720943X,29.76,0.0,0.0,1799.0,9.0,2.336,0.043,0.0,0.0,postpaid,0.009,2.621,0.0,0.0,0.0,3.09278,-9.705,"",'133178605811170547801,2026-06-16,11176790588,86bf76fc-ac3e-4521-944a-2d08b1fdbc08,100168228085,Reverse,100122061276,1000034570559,11504,595.24,5.0,1080.0,9.0,1089.0,return_refund,0.0,0.0,0.0,0.0,0.0,0.0,0.0,0.0,NA,0,719.0
NFT-/XUTR/DEUTH02616720943X,115.71,0.0,0.0,3999.0,2430.0,544.806,11.571,0.0,0.0,postpaid,2.314,274.0,0.0,0.0,0.0,323.32,-2194.629,"",'133170248073273145303,2026-06-16,11175266556,403d6d30-edd2-467b-9d25-1d2cfe66d32b,100169429381,Reverse,100120537245,100120537245,11504,2314.29,5.0,1339.0,0.0,1339.0,return_refund,0.0,0.0,0.0,0.0,0.0,0.0,0.0,0.0,NA,0,2660.0
NFT-/XUTR/DEUTH02616720943X,33.91,0.0,0.0,1699.0,11.0,2.856,0.052,0.0,0.0,postpaid,0.01,0.0,0.0,0.479,0.074,0.65254,7.429,"",'133179310066728863303,2026-06-16,11177692632,75f6a0c9-294a-48d9-a978-ee4d7f0beffc,"",Forward,100122963320,1000034318655,11504,678.1,5.0,893.0,11.0,904.0,packet_delivered,0.0,0.0,0.0,0.0,0.0,0.0,0.0,0.0,NA,0,806.01
NFT-/XUTR/DEUTH02616720943X,66.43,0.0,0.0,3299.0,1395.0,345.681,6.643,0.0,0.0,postpaid,1.329,0.0,0.0,49.0,0.0,57.82,983.527,"",'133180820695278787901,2026-06-16,11178378195,6c753707-c75e-444c-9823-6521e9a98d2e,"",Forward,100123648883,1000035438149,11504,1328.57,5.0,1733.0,0.0,1733.0,packet_delivered,0.0,0.0,0.0,0.0,0.0,0.0,0.0,0.0,NA,0,1566.0
NFT-/XUTR/DEUTH02616720943X,50.43,0.0,0.0,1850.0,50.0,11.8,0.238,0.0,0.0,postpaid,0.048,8.593,0.0,0.0,0.0,10.13974,-48.054,"",'133184919820133440503,2026-06-16,11180422462,bc7c4c79-044d-40ea-b567-cb24da6bb498,11180422462,Reverse,100125693150,100125693150,11504,1008.57,5.0,620.0,50.0,670.0,exchange,0.0,0.0,0.0,0.0,0.0,0.0,0.0,0.0,NA,0,1230.0
NFT-/XUTR/DEUTH02616720943X,35.95,0.0,0.0,1699.0,755.0,195.998,3.595,0.0,0.0,postpaid,0.719,0.0,0.0,31.0,0.0,36.58,518.108,"",'133195763149239230503,2026-06-16,11187239137,951b5aa5-e6af-4af9-b822-26780e2ceafd,"",Forward,100132509824,100132509824,11504,719.05,5.0,850.0,0.0,850.0,packet_delivered,0.0,0.0,0.0,0.0,0.0,0.0,0.0,0.0,NA,0,849.0
NFT-/XUTR/DEUTH02616720943X,45.62,0.0,0.0,1699.0,957.9999999999999,248.697,4.562,0.0,0.0,postpaid,0.912,127.0,0.0,0.0,0.0,149.86,-853.689,"",'133172730290053991301,2026-06-16,11175390286,6e093df6-028f-4143-9f73-aeb2aa1f4197,100167705932,Reverse,100120660975,100120660975,11504,912.38,5.0,570.0,0.0,570.0,return_refund,0.0,0.0,0.0,0.0,0.0,0.0,0.0,0.0,NA,0,1129.0
NFT-/XUTR/DEUTH02616720943X,19.29,0.0,0.0,1999.0,405.0,19.116,1.929,0.0,0.0,postpaid,0.386,0.0,0.0,18.0,3.159,24.96762,358.601,"",'133192118075552795501,2026-06-16,11184664645,917746ac-8fcf-48cf-a547-6ffaf1d294ae,"",Forward,100129935333,100129935333,11504,385.71,5.0,1500.0,0.0,1500.0,packet_delivered,0.0,0.0,0.0,0.0,0.0,0.0,0.0,0.0,NA,0,499.0
NFT-/XUTR/DEUTH02616720943X,29.24,0.0,0.0,1799.0,614.0,159.394,2.924,0.0,0.0,postpaid,0.585,0.0,0.0,31.0,0.0,36.58,414.517,"",'133183183603797219003,2026-06-16,11179510188,13460e81-694e-41d3-a984-5c3aad7c27ce,"",Forward,100124780876,1000034599396,11504,584.76,5.0,1091.0,0.0,1091.0,packet_delivered,0.0,0.0,0.0,0.0,0.0,0.0,0.0,0.0,NA,0,708.0
NFT-/XUTR/DEUTH02616720943X,31.67,0.0,0.0,1599.0,28.0,7.269,0.133,0.0,0.0,postpaid,0.027,0.0,0.0,1.305,0.241,1.82428,18.747,"",'133182460347389334403,2026-06-16,11179035985,0331e73a-8dd0-49bf-8b10-e3bd60b49d68,"",Forward,100124306673,1000035369009,11504,633.33,5.0,840.0,28.0,868.0,packet_delivered,0.0,0.0,0.0,0.0,0.0,0.0,0.0,0.0,NA,0,759.0
NFT-/XUTR/DEUTH02616720943X,39.62,0.0,0.0,1850.0,832.0,215.987,3.962,0.0,0.0,postpaid,0.792,0.0,0.0,27.0,0.666,32.64588,578.613,"",'133175490584840947803,2026-06-16,11175930285,dabbfe30-fcbe-486c-9868-35456cbbdc5b,"",Forward,100121200973,100121200973,11504,792.38,5.0,924.0,0.0,924.0,packet_delivered,0.0,0.0,0.0,0.0,0.0,0.0,0.0,0.0,NA,0,926.0
NFT-/XUTR/DEUTH02616720943X,31.67,0.0,0.0,1599.0,28.000000000000004,7.269,0.133,0.0,0.0,postpaid,0.027,7.663,0.0,0.0,0.0,9.04234,-29.613,"",'133182460347389334403,2026-06-16,11179035985,0331e73a-8dd0-49bf-8b10-e3bd60b49d68,100169961407,Reverse,100124306673,1000035369009,11504,633.33,5.0,840.0,28.0,868.0,return_refund,0.0,0.0,0.0,0.0,0.0,0.0,0.0,0.0,NA,0,759.0
NFT-/XUTR/DEUTH02616720943X,32.67,0.0,0.0,1990.0,25.0,6.49,0.119,0.0,0.0,postpaid,0.024,0.0,0.0,1.13,0.0,1.3334,17.034,"",'133182692285287981703,2026-06-16,11179189240,10a84e45-1bc0-4afd-9080-55c8629557cd,"",Forward,100124459928,1000035397615,11504,653.33,5.0,1210.0,25.0,1235.0,packet_delivered,0.0,0.0,0.0,0.0,0.0,0.0,0.0,0.0,NA,0,780.0
NFT-/XUTR/DEUTH02616720943X,426.2,0.0,0.0,3999.0,149.0,31.289999999999996,0.631,0.0,0.0,postpaid,0.126,0.0,0.0,3.253,0.0,3.83854,113.114,"",'133185448948937490901,2026-06-16,11180671755,0f82e501-6aa9-4b65-9495-6cea5b41cc59,"",Forward,100125942443,1000035386815,11504,2367.8,18.0,999.0,149.0,1148.0,packet_delivered,0.0,0.0,0.0,0.0,0.0,0.0,0.0,0.0,NA,0,3000.0
NFT-/XUTR/DEUTH02616720943X,24.43,0.0,0.0,1599.0,508.22,131.934,2.42,0.0,0.0,postpaid,0.484,0.0,0.0,30.711,0.0,36.23898,337.143,"",'133183156909923985001,2026-06-16,11179494040,00815b3f-6c17-43f6-9a71-5f901c538f7e,"",Forward,100124764728,100124764728,11504,488.57,5.0,992.0,0.0,992.0,packet_delivered,0.0,0.0,0.0,0.0,0.0,0.0,0.0,0.0,NA,0,607.0
NFT-/XUTR/DEUTH02616720943X,64.62,0.0,0.0,2299.0,72.0,16.992,0.343,0.0,0.0,postpaid,0.069,0.0,0.0,2.6,0.0,3.068,51.528,"",'133183366012345218303,2026-06-16,11179614403,26ffb932-8f27-41e2-9c4a-f39f5a1636a0,"",Forward,100124885091,100124885091,11504,1292.38,5.0,771.0,72.0,843.0,packet_delivered,0.0,0.0,0.0,0.0,0.0,0.0,0.0,0.0,NA,0,1528.0
NFT-/XUTR/DEUTH02616720943X,42.48,0.0,0.0,2799.0,40.0,10.384,0.19,0.0,0.0,postpaid,0.038,4.753,0.0,0.0,0.0,5.60854,-34.997,"",'133194014048544339603,2026-06-16,11185945517,1dbc95cd-b1f7-44a7-8efa-0e47c9ae4116,100170524579,Reverse,100131216204,100131216204,11504,849.52,5.0,1736.0,40.0,1776.0,return_refund,0.0,0.0,0.0,0.0,0.0,0.0,0.0,0.0,NA,0,1063.0
NFT-/XUTR/DEUTH02616720943X,45.62,0.0,0.0,1699.0,958.0,248.697,4.562,0.0,0.0,postpaid,0.912,0.0,0.0,31.0,0.0,36.58,667.249,"",'133179243571195807503,2026-06-16,11177654843,484a1d50-b8c2-41ae-b2f7-c00cad723b28,"",Forward,100122925531,100122925531,11504,912.38,5.0,570.0,0.0,570.0,packet_delivered,0.0,0.0,0.0,0.0,0.0,0.0,0.0,0.0,NA,0,1129.0
NFT-/XUTR/DEUTH02616720943X,36.05,0.0,0.0,1699.0,43.0,11.163,0.205,0.0,0.0,postpaid,0.041,10.338,0.0,0.0,0.0,12.19884,-43.79,"",'133182527555090659003,2026-06-16,11179079742,0758eb93-648a-4aab-aa76-db4fbef9cb35,100167713230,Reverse,100124350429,1000034520515,11504,720.95,5.0,848.0,43.0,891.0,return_refund,0.0,0.0,0.0,0.0,0.0,0.0,0.0,0.0,NA,0,851.0
NFT-/XUTR/DEUTH02616720943X,85.0,0.0,0.0,4499.0,25.0,6.49,0.119,0.0,0.0,postpaid,0.024,0.0,0.0,0.686,0.0,0.80948,17.558,"",'133186394032863292603,2026-06-16,11181165730,6b5e8a76-a559-4d36-9cf1-afb7fef2af54,"",Forward,100126436418,100126436418,11504,1700,5.0,2520.0,25.0,2545.0,packet_delivered,0.0,0.0,0.0,0.0,0.0,0.0,0.0,0.0,NA,0,1979.0
NFT-/XUTR/DEUTH02616720943X,48.33,0.0,0.0,2499.0,1015.0,251.517,4.833,0.0,0.0,postpaid,0.967,0.0,0.0,49.0,0.0,57.82,699.863,"",'133203422829504143103,2026-06-16,11190657708,81c517d6-ce21-44a6-8ade-04015d5d4b13,"",Forward,100135928394,100135928394,11504,966.67,5.0,1313.0,0.0,1313.0,packet_delivered,0.0,0.0,0.0,0.0,0.0,0.0,0.0,0.0,NA,0,1186.0
NFT-/XUTR/DEUTH02616720943X,24.33,0.0,0.0,1399.0,511.0,36.179,2.433,0.0,0.0,postpaid,0.487,127.0,0.0,0.0,0.0,149.86,-621.761,"",'133192819828490214303,2026-06-16,11185182049,12f7a8dc-e61d-4f6a-bd87-b8e3036daaed,100167535534,Reverse,100130452737,100130452737,11504,486.67,5.0,794.0,0.0,794.0,return_refund,0.0,0.0,0.0,0.0,0.0,0.0,0.0,0.0,NA,0,605.0
NFT-/XUTR/DEUTH02616720943X,426.2,0.0,0.0,3999.0,149.0,31.289999999999996,0.631,0.0,0.0,postpaid,0.126,9.706,0.0,0.0,0.0,11.45308,-128.406,"",'133185448948937490901,2026-06-16,11180671755,0f82e501-6aa9-4b65-9495-6cea5b41cc59,100167478419,Reverse,100125942443,1000035386815,11504,2367.8,18.0,999.0,149.0,1148.0,return_refund,0.0,0.0,0.0,0.0,0.0,0.0,0.0,0.0,NA,0,3000.0
NFT-/XUTR/DEUTH02616720943X,19.1,0.0,0.0,1599.0,401.0,18.927,1.91,0.0,0.0,postpaid,0.382,127.0,0.0,0.0,0.0,149.86,-529.641,"",'133191374281309393301,2026-06-16,11184072255,1e61c731-3319-43c7-8dca-c5488d0b7492,100170097551,Reverse,100129342943,100129342943,11504,381.9,5.0,1104.0,102.0,1206.0,return_refund,0.0,0.0,0.0,0.0,0.0,0.0,0.0,0.0,NA,0,495.0
NFT-/XUTR/DEUTH02616720943X,36.29,0.0,0.0,1899.0,762.0,160.02,3.629,0.0,0.0,postpaid,0.726,0.0,0.0,27.0,2.515,34.8277,562.797,"",'133183671432867048701,2026-06-16,11179779604,0df7a85d-5c77-4124-9d95-690b8748c5db,"",Forward,100125050292,100125050292,11504,725.71,5.0,1043.0,0.0,1043.0,packet_delivered,0.0,0.0,0.0,0.0,0.0,0.0,0.0,0.0,NA,0,856.0
NFT-/XUTR/DEUTH02616720943X,27.19,0.0,0.0,1799.0,24.0,6.23,0.114,0.0,0.0,postpaid,0.023,0.0,0.0,1.303,0.149,1.71336,15.92,"",'133182460347389334403,2026-06-16,11179035984,0331e73a-8dd0-49bf-8b10-e3bd60b49d68,"",Forward,100124306672,1000035369009,11504,543.81,5.0,1134.0,24.0,1158.0,packet_delivered,0.0,0.0,0.0,0.0,0.0,0.0,0.0,0.0,NA,0,665.0
NFT-/XUTR/DEUTH02616720943X,37.14,0.0,0.0,1750.0,571.52,107.903,2.722,0.0,0.0,postpaid,0.544,93.055,0.0,0.0,0.0,109.8049,-570.156,"",'133189184206200039901,2026-06-16,11182920368,b1867130-24ff-4f43-9a31-89ffed297e31,11182920368,Reverse,100128191056,100128191056,11504,742.86,5.0,876.0,0.0,876.0,exchange,0.0,0.0,0.0,0.0,0.0,0.0,0.0,0.0,NA,0,874.0
NFT-/XUTR/DEUTH02616720943X,42.81,0.0,0.0,2999.0,26.0,5.2,0.124,0.0,0.0,postpaid,0.025,5.264,0.0,0.0,0.0,6.21152,-26.863,"",'133186464549609870701,2026-06-16,11181208756,249e5fba-ee39-49da-8841-6ea983750f6f,100167468413,Reverse,100126479444,100126479444,11504,856.19,5.0,2006.0,26.0,2032.0,return_refund,0.0,0.0,0.0,0.0,0.0,0.0,0.0,0.0,NA,0,993.0
NFT-/XUTR/DEUTH02616720943X,63.24,0.0,0.0,2999.0,1328.0,329.078,6.324,0.0,0.0,postpaid,1.265,127.0,0.0,0.0,0.0,149.86,-1141.193,"",'133202662282939902701,2026-06-16,11190244126,cba9a643-2584-4c13-b167-70716ae32922,11190244126,Reverse,100135514812,100135514812,11504,1264.76,5.0,1500.0,0.0,1500.0,exchange,0.0,0.0,0.0,0.0,0.0,0.0,0.0,0.0,NA,0,1499.0
NFT-/XUTR/DEUTH02616720943X,33.62,0.0,0.0,1599.0,10.0,2.596,0.048,0.0,0.0,postpaid,0.01,2.578,0.0,0.0,0.0,3.04204,-10.388,"",'133178605811170547801,2026-06-16,11176790582,86bf76fc-ac3e-4521-944a-2d08b1fdbc08,100168228610,Reverse,100122061270,1000034570559,11504,672.38,5.0,799.0,10.0,809.0,return_refund,0.0,0.0,0.0,0.0,0.0,0.0,0.0,0.0,NA,0,800.0
NFT-/XUTR/DEUTH02616720943X,18.95,0.0,0.0,1699.0,25.0,1.18,0.119,0.0,0.0,postpaid,0.024,0.0,0.0,0.188,0.0,0.22184,23.455,"",'133182527555090659003,2026-06-16,11179079753,0758eb93-648a-4aab-aa76-db4fbef9cb35,"",Forward,100124350441,1000034520515,11504,379.05,5.0,1207.0,25.0,1232.0,packet_delivered,0.0,0.0,0.0,0.0,0.0,0.0,0.0,0.0,NA,0,492.0
NFT-/XUTR/DEUTH02616720943X,0.0,48.64,48.64,2999.0,2043.0,482.148,0.0,4.8645,4.8645,postpaid,1.946,106.0,0.0,0.0,0.0,125.08,-1674.257,"",'133204793038901577903,2026-06-16,11191616867,f4d0fc36-9372-4b50-a375-34fa10092143,100170606391,Reverse,100136887553,100136887553,11504,1945.72,5.0,750.0,0.0,750.0,return_refund,0.0,0.0,0.0,0.0,0.0,0.0,0.0,0.0,NA,0,2249.0
NFT-/XUTR/DEUTH02616720943X,31.0,0.0,0.0,1699.0,651.0,169.0,3.1,0.0,0.0,postpaid,0.62,0.0,0.0,27.0,0.0,31.86,446.42,"",'133175142200597049003,2026-06-16,11175857223,e5cd2a5b-4cd9-496a-b121-0ebdccbe67fa,"",Forward,100121127911,1000034083306,11504,620,5.0,954.0,0.0,954.0,packet_delivered,0.0,0.0,0.0,0.0,0.0,0.0,0.0,0.0,NA,0,745.0
NFT-/XUTR/DEUTH02616720943X,52.24,0.0,0.0,2499.0,1097.0,271.837,5.224,0.0,0.0,postpaid,1.045,0.0,0.0,45.0,8.227,62.80786,756.086,"",'133167051997173815301,2026-06-16,11174313031,653aa190-193b-4c3d-a95b-836194fd413b,"",Forward,100119583721,100119583721,11504,1044.76,5.0,1231.0,0.0,1231.0,packet_delivered,0.0,0.0,0.0,0.0,0.0,0.0,0.0,0.0,NA,0,1268.0
NFT-/XUTR/DEUTH02616720943X,31.67,0.0,0.0,1599.0,39.999,10.384,0.19,0.0,0.0,postpaid,0.038,10.947,0.0,0.0,0.0,12.91746,-42.304,"",'133183574374318042001,2026-06-16,11179727844,757f9def-f5ec-4ee7-8967-d707d2fb3330,100167466933,Reverse,100124998532,1000034648675,11504,633.33,5.0,840.0,40.0,880.0,return_refund,0.0,0.0,0.0,0.0,0.0,0.0,0.0,0.0,NA,0,759.0
NFT-/XUTR/DEUTH02616720943X,45.62,0.0,0.0,1699.0,59.99999999999999,15.576,0.286,0.0,0.0,postpaid,0.057,11.399,0.0,0.0,0.0,13.45082,-57.532,"",'133181645182269117403,2026-06-16,11178602570,c867911f-824b-4650-a589-90b53b3cd7ec,100171063180,Reverse,100123873257,100123873257,11504,912.38,5.0,570.0,60.0,630.0,return_refund,0.0,0.0,0.0,0.0,0.0,0.0,0.0,0.0,NA,0,1129.0
NFT-/XUTR/DEUTH02616720943X,35.05,0.0,0.0,1750.0,461.68,119.852,2.198,0.0,0.0,postpaid,0.44,0.0,0.0,19.446,0.0,22.94628,316.244,"",'133182944296873853101,2026-06-16,11179352896,a14ab444-bc4b-483a-a5db-4fef719d01b3,"",Forward,100124623584,1000034577625,11504,700.95,5.0,920.0,0.0,920.0,packet_delivered,0.0,0.0,0.0,0.0,0.0,0.0,0.0,0.0,NA,0,830.0
NFT-/XUTR/DEUTH02616720943X,43.1,0.0,0.0,1999.0,905.0,234.938,4.31,0.0,0.0,postpaid,0.862,0.0,0.0,31.0,0.0,36.58,628.31,"",'133186852507442705903,2026-06-16,11181480302,a6186fbe-9da5-4881-b748-619d5b9f396d,"",Forward,100126750990,100126750990,11504,861.9,5.0,1000.0,0.0,1000.0,packet_delivered,0.0,0.0,0.0,0.0,0.0,0.0,0.0,0.0,NA,0,999.0
